{"ccg_name":{"0":"Coventry & Rugby","1":"South Warwickshire","2":"Warwickshire North"},"0-9_scrh_imperial_2.4_sum":{"0":183.6964678212,"1":85.9050314835,"2":70.4326398063},"0-9_hcrcc_imperial_2.4_sum":{"0":9.1848233911,"1":4.2952515742,"2":3.5216319903},"0-9_ifr_imperial_2.4_sum":{"0":0.0001836965,"1":0.000085905,"2":0.0000704326},"0-9_scrh_cmmid_0.62_sum":{"0":170.7294115681,"1":79.8413587211,"2":65.4612026461},"0-9_hcrcc_cmmid_0.62_sum":{"0":8.5364705784,"1":3.9920679361,"2":3.2730601323},"0-9_ifr_cmmid_0.62_sum":{"0":0.0001707294,"1":0.0000798414,"2":0.0000654612},"10-19_scrh_imperial_2.4_sum":{"0":515.7826259533,"1":262.0106315982,"2":191.6689459938},"10-19_hcrcc_imperial_2.4_sum":{"0":25.7891312977,"1":13.1005315799,"2":9.5834472997},"10-19_ifr_imperial_2.4_sum":{"0":0.0015473479,"1":0.0007860319,"2":0.0005750068},"10-19_scrh_cmmid_0.62_sum":{"0":479.3738755372,"1":243.5163801523,"2":178.1402923356},"10-19_hcrcc_cmmid_0.62_sum":{"0":23.9686937769,"1":12.1758190076,"2":8.9070146168},"10-19_ifr_cmmid_0.62_sum":{"0":0.0014381216,"1":0.0007305491,"2":0.0005344209},"20-29_scrh_imperial_2.4_sum":{"0":3250.329958577,"1":1296.4224431675,"2":800.4238434341},"20-29_hcrcc_imperial_2.4_sum":{"0":162.5164979288,"1":64.8211221584,"2":40.0211921717},"20-29_ifr_imperial_2.4_sum":{"0":0.0048754949,"1":0.0019446337,"2":0.0012006358},"20-29_scrh_cmmid_0.62_sum":{"0":3020.8864270261,"1":1204.9116380401,"2":743.9268712855},"20-29_hcrcc_cmmid_0.62_sum":{"0":151.0443213513,"1":60.245581902,"2":37.1963435643},"20-29_ifr_cmmid_0.62_sum":{"0":0.0045313296,"1":0.0018073675,"2":0.0011158903},"30-39_scrh_imperial_2.4_sum":{"0":6504.4808200589,"1":2859.3520816404,"2":2324.0230385086},"30-39_hcrcc_imperial_2.4_sum":{"0":325.2240410029,"1":142.967604082,"2":116.2011519254},"30-39_ifr_imperial_2.4_sum":{"0":0.2601792328,"1":0.1143740833,"2":0.0929609215},"30-39_scrh_cmmid_0.62_sum":{"0":6045.3299246635,"1":2657.5217622186,"2":2159.9829680794},"30-39_hcrcc_cmmid_0.62_sum":{"0":302.2664962332,"1":132.8760881109,"2":107.999148404},"30-39_ifr_cmmid_0.62_sum":{"0":0.241813197,"1":0.1063008705,"2":0.0863993187},"40-49_scrh_imperial_2.4_sum":{"0":8176.8157674859,"1":5125.2807157109,"2":3676.0383938939},"40-49_hcrcc_imperial_2.4_sum":{"0":515.1393933516,"1":322.8926850898,"2":231.5904188153},"40-49_ifr_imperial_2.4_sum":{"0":0.77270909,"1":0.4843390276,"2":0.3473856282},"40-49_scrh_cmmid_0.62_sum":{"0":7599.6207637494,"1":4763.5025149949,"2":3416.5660390441},"40-49_hcrcc_cmmid_0.62_sum":{"0":478.7761081162,"1":300.1006584447,"2":215.2436604598},"40-49_ifr_cmmid_0.62_sum":{"0":0.7181641622,"1":0.4501509877,"2":0.3228654907},"50-59_scrh_imperial_2.4_sum":{"0":16350.9685483898,"1":11730.4205956694,"2":8607.3295074781},"50-59_hcrcc_imperial_2.4_sum":{"0":1994.8181629036,"1":1431.1113126717,"2":1050.0941999123},"50-59_ifr_imperial_2.4_sum":{"0":11.9689089774,"1":8.586667876,"2":6.3005651995},"50-59_scrh_cmmid_0.62_sum":{"0":15196.7690693832,"1":10902.3992774619,"2":7999.7756387086},"50-59_hcrcc_cmmid_0.62_sum":{"0":1854.0058264647,"1":1330.0927118504,"2":975.9726279224},"50-59_ifr_cmmid_0.62_sum":{"0":11.1240349588,"1":7.9805562711,"2":5.8558357675},"60-69_scrh_imperial_2.4_sum":{"0":19757.6104347175,"1":15526.3916053753,"2":11364.3726195461},"60-69_hcrcc_imperial_2.4_sum":{"0":5413.5852591126,"1":4254.2312998728,"2":3113.8380977556},"60-69_ifr_imperial_2.4_sum":{"0":119.0988757005,"1":93.5930885972,"2":68.5044381506},"60-69_scrh_cmmid_0.62_sum":{"0":18362.9661519631,"1":14430.4407024511,"2":10562.2292824136},"60-69_hcrcc_cmmid_0.62_sum":{"0":5031.4527256379,"1":3953.9407524716,"2":2894.0508233813},"60-69_ifr_cmmid_0.62_sum":{"0":110.691959964,"1":86.9866965544,"2":63.6691181144},"70-79_scrh_imperial_2.4_sum":{"0":23414.7269205982,"1":19739.3511940121,"2":13260.6481525169},"70-79_hcrcc_imperial_2.4_sum":{"0":10115.1620296984,"1":8527.3997158132,"2":5728.6000018873},"70-79_ifr_imperial_2.4_sum":{"0":515.8732635146,"1":434.8973855065,"2":292.1586000963},"70-79_scrh_cmmid_0.62_sum":{"0":21761.9629767295,"1":18346.0417640559,"2":12324.6863322832},"70-79_hcrcc_cmmid_0.62_sum":{"0":9401.1680059471,"1":7925.4900420722,"2":5324.2644955463},"70-79_ifr_cmmid_0.62_sum":{"0":479.4595683033,"1":404.1999921457,"2":271.5374892729},"80+_scrh_imperial_2.4_sum":{"0":16237.8549727451,"1":13870.225610236,"2":7970.5319720399},"80+_hcrcc_imperial_2.4_sum":{"0":11512.6391756762,"1":9833.9899576574,"2":5651.1071681763},"80+_ifr_imperial_2.4_sum":{"0":1070.6754433379,"1":914.5610660621,"2":525.5529666404},"80+_scrh_cmmid_0.62_sum":{"0":15091.7420936373,"1":12891.2493659813,"2":7408.0282613639},"80+_hcrcc_cmmid_0.62_sum":{"0":10700.0451443888,"1":9139.8958004807,"2":5252.292037307},"80+_ifr_cmmid_0.62_sum":{"0":995.1041984282,"1":850.0103094447,"2":488.4631594696}}