{"local_authority_code":{"0":"E07000218","1":"E07000219","2":"E07000220","3":"E07000221","4":"E07000222","5":"E08000026"},"0-9_scrh_imperial_2.4_sum":{"0":21.3420818712,"1":49.0908890267,"2":40.9982421431,"3":38.947138258,"4":46.9582243209,"5":142.6985567767},"0-9_hcrcc_imperial_2.4_sum":{"0":1.0671040936,"1":2.4545444513,"2":2.0499121072,"3":1.9473569129,"4":2.347911216,"5":7.1349278388},"0-9_ifr_imperial_2.4_sum":{"0":0.0000213421,"1":0.0000490909,"2":0.0000409982,"3":0.0000389471,"4":0.0000469582,"5":0.0001426986},"0-9_scrh_cmmid_0.62_sum":{"0":19.8360597287,"1":45.6260174001,"2":38.1046489587,"3":36.1983371235,"4":43.6439024712,"5":132.6256705111},"0-9_hcrcc_cmmid_0.62_sum":{"0":0.9918029864,"1":2.28130087,"2":1.9052324479,"3":1.8099168562,"4":2.1821951236,"5":6.6312835256},"0-9_ifr_cmmid_0.62_sum":{"0":0.0000198361,"1":0.000045626,"2":0.0000381046,"3":0.0000361983,"4":0.0000436439,"5":0.0001326257},"10-19_scrh_imperial_2.4_sum":{"0":61.8331654575,"1":129.8367738181,"2":114.4670883501,"3":121.318198132,"4":140.6934266748,"5":401.3165309721},"10-19_hcrcc_imperial_2.4_sum":{"0":3.0916582729,"1":6.4918386909,"2":5.7233544175,"3":6.0659099066,"4":7.0346713337,"5":20.0658265486},"10-19_ifr_imperial_2.4_sum":{"0":0.0001854995,"1":0.0003895103,"2":0.0003434013,"3":0.0003639546,"4":0.0004220803,"5":0.0012039496},"10-19_scrh_cmmid_0.62_sum":{"0":57.4699130997,"1":120.6729990467,"2":106.3882938701,"3":112.7557687668,"4":130.7632557495,"5":372.9882893728},"10-19_hcrcc_cmmid_0.62_sum":{"0":2.873495655,"1":6.0336499523,"2":5.3194146935,"3":5.6377884383,"4":6.5381627875,"5":18.6494144686},"10-19_ifr_cmmid_0.62_sum":{"0":0.0001724097,"1":0.000362019,"2":0.0003191649,"3":0.0003382673,"4":0.0003922898,"5":0.0011189649},"20-29_scrh_imperial_2.4_sum":{"0":253.2412909913,"1":547.1865260277,"2":405.5969231902,"3":430.0289234323,"4":866.3974939558,"5":2844.7370090695},"20-29_hcrcc_imperial_2.4_sum":{"0":12.6620645496,"1":27.3593263014,"2":20.2798461595,"3":21.5014461716,"4":43.3198746978,"5":142.2368504535},"20-29_ifr_imperial_2.4_sum":{"0":0.0003798619,"1":0.0008207798,"2":0.0006083954,"3":0.0006450434,"4":0.0012995962,"5":0.0042671055},"20-29_scrh_cmmid_0.62_sum":{"0":235.3711796355,"1":508.5661753343,"2":376.9717010974,"3":399.6789920509,"4":805.2432760023,"5":2643.9257693456},"20-29_hcrcc_cmmid_0.62_sum":{"0":11.7685589818,"1":25.4283087667,"2":18.8485850549,"3":19.9839496025,"4":40.2621638001,"5":132.1962884673},"20-29_ifr_cmmid_0.62_sum":{"0":0.0003530568,"1":0.0007628493,"2":0.0005654576,"3":0.0005995185,"4":0.0012078649,"5":0.0039658887},"30-39_scrh_imperial_2.4_sum":{"0":706.7261330371,"1":1617.3074991804,"2":1392.6587624941,"3":1248.725041848,"4":1610.6376355826,"5":5111.8326557107},"30-39_hcrcc_imperial_2.4_sum":{"0":35.3363066519,"1":80.865374959,"2":69.6329381247,"3":62.4362520924,"4":80.5318817791,"5":255.5916327855},"30-39_ifr_imperial_2.4_sum":{"0":0.0282690453,"1":0.0646923,"2":0.0557063505,"3":0.0499490017,"4":0.0644255054,"5":0.2044733062},"30-39_scrh_cmmid_0.62_sum":{"0":656.8547815919,"1":1503.1561929793,"2":1294.3659290497,"3":1160.5928086578,"4":1496.9571662845,"5":4750.9932723881},"30-39_hcrcc_cmmid_0.62_sum":{"0":32.8427390796,"1":75.157809649,"2":64.7182964525,"3":58.0296404329,"4":74.8478583142,"5":237.5496636194},"30-39_ifr_cmmid_0.62_sum":{"0":0.0262741913,"1":0.0601262477,"2":0.0517746372,"3":0.0464237123,"4":0.0598782867,"5":0.1900397309},"40-49_scrh_imperial_2.4_sum":{"0":1251.8027948746,"1":2424.2518232549,"2":2172.4735380354,"3":2410.7822033402,"4":2714.5147370984,"5":6004.3584563087},"40-49_hcrcc_imperial_2.4_sum":{"0":78.8635760771,"1":152.7278648651,"2":136.8658328962,"3":151.8792788104,"4":171.0144284372,"5":378.2745827474},"40-49_ifr_imperial_2.4_sum":{"0":0.1182953641,"1":0.2290917973,"2":0.2052987493,"3":0.2278189182,"4":0.2565216427,"5":0.5674118741},"40-49_scrh_cmmid_0.62_sum":{"0":1163.4628612473,"1":2253.1461106478,"2":2019.1414109043,"3":2240.6273345085,"4":2522.9186815882,"5":5580.5237258389},"40-49_hcrcc_cmmid_0.62_sum":{"0":73.2981602586,"1":141.9482049708,"2":127.205908887,"3":141.159522074,"4":158.9438769401,"5":351.5729947278},"40-49_ifr_cmmid_0.62_sum":{"0":0.1099472404,"1":0.2129223075,"2":0.1908088633,"3":0.2117392831,"4":0.2384158154,"5":0.5273594921},"50-59_scrh_imperial_2.4_sum":{"0":3069.5122085095,"1":5537.8510701101,"2":4553.1037232645,"3":6031.7653377328,"4":5698.6890301752,"5":11797.8985903277},"50-59_hcrcc_imperial_2.4_sum":{"0":374.4804894382,"1":675.6178305534,"2":555.4786542383,"3":735.8753712034,"4":695.2400616814,"5":1439.34362802},"50-59_ifr_imperial_2.4_sum":{"0":2.2468829366,"1":4.0537069833,"2":3.3328719254,"3":4.4152522272,"4":4.1714403701,"5":8.6360617681},"50-59_scrh_cmmid_0.62_sum":{"0":2852.8860245327,"1":5146.979276126,"2":4231.7475110033,"3":5606.0269487141,"4":5296.4633140976,"5":10965.1138114214},"50-59_hcrcc_cmmid_0.62_sum":{"0":348.052094993,"1":627.9314716874,"2":516.2731963424,"3":683.9352877431,"4":646.1685243199,"5":1337.7438849934},"50-59_ifr_cmmid_0.62_sum":{"0":2.08831257,"1":3.7675888301,"2":3.0976391781,"3":4.1036117265,"4":3.8770111459,"5":8.02646331},"60-69_scrh_imperial_2.4_sum":{"0":4069.3060656436,"1":7295.1215113969,"2":5441.7694369342,"3":8299.5219981629,"4":7226.9245708185,"5":14315.8959634299},"60-69_hcrcc_imperial_2.4_sum":{"0":1114.9898619863,"1":1998.8632941227,"2":1491.04482572,"3":2274.0690274966,"4":1980.1773324043,"5":3922.5554939798},"60-69_ifr_imperial_2.4_sum":{"0":24.5297769637,"1":43.9749924707,"2":32.8029861658,"3":50.0295186049,"4":43.5639013129,"5":86.2962208676},"60-69_scrh_cmmid_0.62_sum":{"0":3782.1382196014,"1":6780.2362501948,"2":5057.716430303,"3":7713.7337897953,"4":6716.85350413,"5":13305.3970593881},"60-69_hcrcc_cmmid_0.62_sum":{"0":1036.3058721708,"1":1857.7847325534,"2":1385.814301903,"3":2113.5630584039,"4":1840.4178601316,"5":3645.6787942723},"60-69_ifr_cmmid_0.62_sum":{"0":22.7987291878,"1":40.8712641162,"2":30.4879146419,"3":46.4983872849,"4":40.4891929229,"5":80.204933474},"70-79_scrh_imperial_2.4_sum":{"0":4830.8469138766,"1":8429.8817045519,"2":6962.52079077,"3":11000.5159692996,"4":8738.9156935839,"5":16452.2866001843},"70-79_hcrcc_imperial_2.4_sum":{"0":2086.9258667947,"1":3641.7088963664,"2":3007.8089816127,"3":4752.2228987374,"4":3775.2115796282,"5":7107.3878112796},"70-79_ifr_imperial_2.4_sum":{"0":106.4332192065,"1":185.7271537147,"2":153.3982580622,"3":242.3633678356,"4":192.535790561,"5":362.4767783753},"70-79_scrh_cmmid_0.62_sum":{"0":4489.9634087652,"1":7834.9346234458,"2":6471.1579151735,"3":10224.1020578303,"4":8122.1532685271,"5":15291.0192919152},"70-79_hcrcc_cmmid_0.62_sum":{"0":1939.6641925866,"1":3384.6917573286,"2":2795.540219355,"3":4416.8120889827,"4":3508.7702120037,"5":6605.7203341074},"70-79_ifr_cmmid_0.62_sum":{"0":98.9228738219,"1":172.6192796238,"2":142.5725511871,"3":225.2574165381,"4":178.9472808122,"5":336.8917370395},"80+_scrh_imperial_2.4_sum":{"0":2927.6711062715,"1":5042.9512551638,"2":4621.5445677698,"3":7520.2618084038,"4":6350.0541954702,"5":11616.4008074389},"80+_hcrcc_imperial_2.4_sum":{"0":2075.7188143465,"1":3575.4524399111,"2":3276.6750985488,"3":5331.8656221583,"4":4502.1884245884,"5":8236.0281724742},"80+_ifr_imperial_2.4_sum":{"0":193.0418497342,"1":332.5170769117,"2":304.730784165,"3":495.8635028607,"4":418.7035234867,"5":765.9506200401},"80+_scrh_cmmid_0.62_sum":{"0":2721.1533896828,"1":4687.1116602688,"2":4295.4529363082,"3":6989.5436603923,"4":5901.9434665045,"5":10796.5271747509},"80+_hcrcc_cmmid_0.62_sum":{"0":1929.2977532851,"1":3323.1621671306,"2":3045.4761318425,"3":4955.5864552181,"4":4184.4779177517,"5":7654.7377668984},"80+_ifr_cmmid_0.62_sum":{"0":179.4246910555,"1":309.0540815431,"2":283.2292802614,"3":460.8695403353,"4":389.1564463509,"5":711.8906123215}}