{"wcc":{"0":"Warwickshire"},"0-9_scrh_imperial_2.4_sum":{"0":197.3352511796},"0-9_hcrcc_imperial_2.4_sum":{"0":9.866762559},"0-9_ifr_imperial_2.4_sum":{"0":0.0001973353},"0-9_scrh_cmmid_0.62_sum":{"0":183.4053885523},"0-9_hcrcc_cmmid_0.62_sum":{"0":9.1702694276},"0-9_ifr_cmmid_0.62_sum":{"0":0.0001834054},"10-19_scrh_imperial_2.4_sum":{"0":568.1446792234},"10-19_hcrcc_imperial_2.4_sum":{"0":28.4072339612},"10-19_ifr_imperial_2.4_sum":{"0":0.001704434},"10-19_scrh_cmmid_0.62_sum":{"0":528.0395254349},"10-19_hcrcc_cmmid_0.62_sum":{"0":26.4019762717},"10-19_ifr_cmmid_0.62_sum":{"0":0.0015841186},"20-29_scrh_imperial_2.4_sum":{"0":2502.4352641372},"20-29_hcrcc_imperial_2.4_sum":{"0":125.1217632069},"20-29_ifr_imperial_2.4_sum":{"0":0.0037536529},"20-29_scrh_cmmid_0.62_sum":{"0":2325.7882936721},"20-29_hcrcc_cmmid_0.62_sum":{"0":116.2894146836},"20-29_ifr_cmmid_0.62_sum":{"0":0.0034886824},"30-39_scrh_imperial_2.4_sum":{"0":6576.0126892767},"30-39_hcrcc_imperial_2.4_sum":{"0":328.8006344638},"30-39_ifr_imperial_2.4_sum":{"0":0.2630405076},"30-39_scrh_cmmid_0.62_sum":{"0":6111.8121085078},"30-39_hcrcc_cmmid_0.62_sum":{"0":305.5906054254},"30-39_ifr_cmmid_0.62_sum":{"0":0.2444724843},"40-49_scrh_imperial_2.4_sum":{"0":10973.7602010939},"40-49_hcrcc_imperial_2.4_sum":{"0":691.3468926689},"40-49_ifr_imperial_2.4_sum":{"0":1.037020339},"40-49_scrh_cmmid_0.62_sum":{"0":10199.119654012},"40-49_hcrcc_cmmid_0.62_sum":{"0":642.5445382028},"40-49_ifr_cmmid_0.62_sum":{"0":0.9638168073},"50-59_scrh_imperial_2.4_sum":{"0":24890.7862840866},"50-59_hcrcc_imperial_2.4_sum":{"0":3036.6759266586},"50-59_ifr_imperial_2.4_sum":{"0":18.22005556},"50-59_scrh_cmmid_0.62_sum":{"0":23133.7325278064},"50-59_hcrcc_cmmid_0.62_sum":{"0":2822.3153683924},"50-59_ifr_cmmid_0.62_sum":{"0":16.9338922104},"60-69_scrh_imperial_2.4_sum":{"0":32332.4237323995},"60-69_hcrcc_imperial_2.4_sum":{"0":8859.0841026775},"60-69_ifr_imperial_2.4_sum":{"0":194.8998502589},"60-69_scrh_cmmid_0.62_sum":{"0":30050.0847831549},"60-69_hcrcc_cmmid_0.62_sum":{"0":8233.7232305845},"60-69_ifr_cmmid_0.62_sum":{"0":181.1419110729},"70-79_scrh_imperial_2.4_sum":{"0":39962.3592330971},"70-79_hcrcc_imperial_2.4_sum":{"0":17263.7391886979},"70-79_ifr_imperial_2.4_sum":{"0":880.4506986236},"70-79_scrh_cmmid_0.62_sum":{"0":37141.4499670689},"70-79_hcrcc_cmmid_0.62_sum":{"0":16045.1063857738},"70-79_ifr_cmmid_0.62_sum":{"0":818.3004256745},"80+_scrh_imperial_2.4_sum":{"0":26462.1213707096},"80+_hcrcc_imperial_2.4_sum":{"0":18761.6440518331},"80+_ifr_imperial_2.4_sum":{"0":1744.8328968205},"80+_scrh_cmmid_0.62_sum":{"0":24594.2515199005},"80+_hcrcc_cmmid_0.62_sum":{"0":17437.3243276094},"80+_ifr_cmmid_0.62_sum":{"0":1621.6711624677}}